{
  "general": {
    "userAgentRegexes": [],
    "replaceStrings": [],
    "androidPackageName": "com.smartcoparent.app",
    "iosBundleId": "com.smartcoparent.app",
    "userAgentAdd": "gonative",
    "useWKWebView": false,
    "enableWindowOpen": true,
    "useCrosswalkWebView": false,
    "forceScreenOrientation": null,
    "initialUrl": "https://app.smartcoparent.com",
    "appName": "SmartCoparent",
    "publicKey": "ndbxwy",
    "deviceRegKey": "tcxy5zzakpp4fkzmx25azhpw9w",
    "androidVersionName": "1.0.4"
  },
  "navigation": {
    "iosSettings": {},
    "tabNavigation": {
      "tabSelectionConfig": [
        {
          "id": "1",
          "regex": ".*"
        }
      ],
      "tabMenus": [
        {
          "items": [
            {
              "subLinks": [],
              "icon": "fa-home",
              "label": "Home",
              "url": "https://app.smartcoparent.com/dashboard"
            },
            {
              "subLinks": [],
              "icon": "fa-calendar",
              "label": "Calendar",
              "url": "https://app.smartcoparent.com/events"
            },
            {
              "subLinks": [],
              "icon": "fa-comments",
              "label": "Chat",
              "url": "https://app.smartcoparent.com/messages"
            },
            {
              "subLinks": [],
              "icon": "fa-medkit",
              "label": "Vitals",
              "url": "https://app.smartcoparent.com/contacts"
            },
            {
              "subLinks": [],
              "icon": "fa-money",
              "label": "Pay",
              "url": "https://app.smartcoparent.com/client-portal"
            },
            {
              "subLinks": [],
              "icon": "fa-power-off",
              "url": "https://app.smartcoparent.com/logout",
              "label": "Logout"
            }
          ],
          "id": "1"
        }
      ],
      "active": true
    },
    "sidebarNavigation": {
      "menuSelectionConfig": {
        "redirectLocations": [
          {
            "regex": null,
            "menuName": "default",
            "loggedIn": false
          },
          {
            "regex": ".*",
            "menuName": "default",
            "loggedIn": true
          }
        ],
        "testURL": null
      },
      "menus": [
        {
          "items": [],
          "name": "default",
          "active": true
        },
        {
          "items": [
            {
              "subLinks": [],
              "label": "Sample Home",
              "url": "https://app.smartcoparent.com/home"
            },
            {
              "subLinks": [],
              "label": "Sample About",
              "url": "https://app.smartcoparent.com/about"
            }
          ],
          "name": "loggedIn",
          "active": false
        }
      ]
    },
    "regexInternalExternal": {
      "rules": [
        {
          "regex": "^(?!https?://).*",
          "internal": false
        },
        {
          "regex": "https?://([-\\w]+\\.)*facebook\\.com/login.php.*",
          "internal": true
        },
        {
          "regex": "https?://([-\\w]+\\.)*facebook\\.com/dialog.*",
          "internal": true
        },
        {
          "regex": "https?://([-\\w]+\\.)*facebook\\.com/v1\\.0/.*",
          "internal": true
        },
        {
          "regex": "https?://([-\\w]+\\.)*facebook\\.com/oauth.*",
          "internal": true
        },
        {
          "regex": "https?://([-\\w]+\\.)*facebook\\.com/v2\\.0/.*",
          "internal": true
        },
        {
          "regex": "https?://([-\\w]+\\.)*facebook\\.com/checkpoint.*",
          "internal": true
        },
        {
          "regex": "https?://([-\\w]+\\.)*facebook\\.com.*",
          "internal": true
        },
        {
          "regex": "https?://([-\\w]+\\.)*plus\\.google\\.com/share.*",
          "internal": false
        },
        {
          "regex": "https?://([-\\w]+\\.)*twitter\\.com/.*",
          "internal": false
        },
        {
          "regex": "https?://([-\\w]+\\.)*instagram\\.com/.*",
          "internal": false
        },
        {
          "regex": "https?://maps\\.google\\.com.*",
          "internal": false
        },
        {
          "regex": "https?://([-\\w]+\\.)*linkedin\\.com/.*",
          "internal": false
        },
        {
          "regex": "https?://([-\\w]+\\.)*google\\.com/maps/search/.*",
          "internal": false
        },
        {
          "regex": ".*",
          "internal": true
        },
        {
          "regex": "https://smartcoparent.com/subscribe",
          "internal": false
        },
        {
          "regex": "https?://([-\\w]+\\.)*smartcoparent\\.com/blog.*",
          "internal": false
        }
      ],
      "active": true
    },
    "androidPullToRefresh": false,
    "iosPullToRefresh": true,
    "navigationTitles": {
      "titles": [
        {}
      ],
      "active": false
    },
    "ignorePageFinishedRegexes": [],
    "redirects": [],
    "androidShowRefreshButton": true,
    "iosShowRefreshButton": true,
    "deepLinkDomains": [],
    "navigationLevels": {
      "levels": [
        {}
      ],
      "active": false
    },
    "toolbarNavigation": null
  },
  "styling": {
    "iosLaunchImages": {
      "ios_launch_640x960": "https://s3.amazonaws.com/gonativeio/images_generated/1531272493736_v6wr3p6c5g472_640x960.png",
      "ios_launch_640x1136": "https://s3.amazonaws.com/gonativeio/images_generated/1531272493736_8vuhaa5dzc4qc_640x1136.png",
      "ios_launch_768x1024": "https://s3.amazonaws.com/gonativeio/images_generated/1531272493736_7vfqfttkph8xe_768x1024.png",
      "ios_launch_1024x768": "https://s3.amazonaws.com/gonativeio/images_generated/1531272493736_pr7y39r9jnhjm_1024x768.png",
      "ios_launch_1536x2048": "https://s3.amazonaws.com/gonativeio/images_generated/1531272493736_y4pgg406rm8nr_1536x2048.png",
      "ios_launch_2048x1536": "https://s3.amazonaws.com/gonativeio/images_generated/1531272493736_3npc5tzxe4mnu_2048x1536.png",
      "ios_launch_750x1334": "https://s3.amazonaws.com/gonativeio/images_generated/1531272493736_2xjepz84rf5de_750x1334.png",
      "ios_launch_1242x2208": "https://s3.amazonaws.com/gonativeio/images_generated/1531272493736_r17x1p52ru3za_1242x2208.png",
      "ios_launch_2208x1242": "https://s3.amazonaws.com/gonativeio/images_generated/1531272493736_yaj5br9gag4n6_2208x1242.png",
      "ios_launch_1125x2436": "https://s3.amazonaws.com/gonativeio/images_generated/1531272493736_q8xzfr2940qqw_1125x2436.png",
      "ios_launch_2436x1125": "https://s3.amazonaws.com/gonativeio/images_generated/1531272493736_ahv20bm6p2yvy_2436x1125.png"
    },
    "androidLaunchImages": {
      "mdpi": "https://s3.amazonaws.com/gonativeio/images_generated/1531272510160_9dkry6b643uky_180x180.9.png",
      "hdpi": "https://s3.amazonaws.com/gonativeio/images_generated/1531272510160_46p6d6h74ua70_270x270.9.png",
      "xhdpi": "https://s3.amazonaws.com/gonativeio/images_generated/1531272510160_yj8y1q3b1kuxj_360x360.9.png",
      "xxhdpi": "https://s3.amazonaws.com/gonativeio/images_generated/1531272510160_a5p9j0n64cjw8_540x540.9.png",
      "xxxhdpi": "https://s3.amazonaws.com/gonativeio/images_generated/1531272510160_dgkbjfmjkknv4_720x720.9.png"
    },
    "transitionInteractiveDelayMax": 0.2,
    "menuAnimationDuration": 0.15,
    "androidShowSplash": true,
    "disableAnimations": false,
    "hideWebviewAlpha": 0.5,
    "androidNotificationIcon": "https://gonativeio.s3.amazonaws.com/uploads/521znnk8136vu_1518631697648.png",
    "icon": "https://gonativeio.s3.amazonaws.com/uploads/bz0zf21vfdgrp_1531272440026.png",
    "iosHeaderImage": "https://gonativeio.s3.amazonaws.com/uploads/htygcpgzt2xf6_1518465237373.png",
    "showActionBar": true,
    "showNavigationBar": true,
    "iosSidebarFont": "Default",
    "androidHideTitleInActionBar": true,
    "navigationTitleImage": true,
    "iosTheme": "light",
    "androidTheme": "light",
    "androidSidebarBackgroundColor": "#FFFFFF",
    "androidSidebarForegroundColor": "#0971E8",
    "androidActionBarBackgroundColor": "#FFFFFF",
    "androidActionBarForegroundColor": "#0EC43E",
    "androidPullToRefreshColor": "#777777",
    "androidAccentColor": "#009688",
    "androidSidebarSeparatorColor": "#585858",
    "androidTabBarBackgroundColor": "#3180BD",
    "androidTabBarTextColor": "#ffffff",
    "androidTabBarIndicatorColor": "#000000",
    "iosTitleColor": "#0EC43E",
    "iosTintColor": "#0091fe",
    "iosSidebarTextColor": "#0971E8",
    "androidStatusBarBackgroundColor": "#0091FE",
    "navigationTitleImageLocation": "https://gonativeio.s3.amazonaws.com/uploads/jrk25d9cbhr9m_1523631703216.png",
    "androidHeaderImage": "https://gonativeio.s3.amazonaws.com/uploads/vm8wxb00vrd0c_1523631795535.png"
  },
  "forms": {
    "interceptForms": {
      "forms": []
    },
    "search": {},
    "loginConfig": {
      "formInputs": [],
      "formSelector": null,
      "loginIsFirstPage": false
    },
    "signupConfig": {
      "formInputs": [],
      "active": false,
      "formSelector": null
    }
  },
  "permissions": {
    "usesGeolocation": true,
    "androidDownloadToPublicStorage": false,
    "enableWebRTC": false
  },
  "publishing": {},
  "performance": {
    "webviewPools": [
      {
        "urls": [
          {
            "disown": "reload"
          }
        ]
      }
    ]
  },
  "services": {
    "push": {
      "active": false
    },
    "analytics": {
      "active": false
    },
    "parse": {
      "pushEnabled": false,
      "active": false
    },
    "facebook": {
      "active": false
    },
    "oneSignal": {
      "notificationExtension": true,
      "active": true,
      "applicationId": "85fcb03c-38f6-4546-aac6-5fa6d0517c70"
    },
    "registration": {
      "endpoints": [
        {
          "dataType": [
            "parse",
            "oneSignal"
          ],
          "urlRegex": null,
          "url": null
        }
      ],
      "active": false
    }
  }
}